{
    "overall_metrics": {
        "exact_match": 0.9533049040511727,
        "hamming_loss": 0.02979744136460555,
        "precision": 0.8795575692963753,
        "recall": 0.9136173405927012,
        "f1_score": 0.9232543829226812
    },
    "per_class_metrics": {
        " aquila": {
            "precision": 0.901877605575531,
            "recall": 0.9018499937288321,
            "f1_score": 0.9018636973360854,
            "auc": 0.9919686078920346
        },
        " bootes": {
            "precision": 0.9,
            "recall": 0.9,
            "f1_score": 0.9,
            "auc": 0.9304272130708451
        },
        " canis_major": {
            "precision": 0.9019277389958206,
            "recall": 0.9020394919810854,
            "f1_score": 0.9019820414527847,
            "auc": 0.9980434782608696
        },
        " canis_minor": {
            "precision": 0.9019162775633562,
            "recall": 0.9017810109118253,
            "f1_score": 0.9018461697976907,
            "auc": 0.9948529411764706
        },
        " cassiopeia": {
            "precision": 0.9021321961620256,
            "recall": 0.9001402760632925,
            "f1_score": 0.9002632340824959,
            "auc": 0.9045326249377388
        },
        " cygnus": {
            "precision": 0.9011993603411439,
            "recall": 0.9001938360147313,
            "f1_score": 0.9003337350274956,
            "auc": 0.7981435981435983
        },
        " gemini": {
            "precision": 0.9020788912579931,
            "recall": 0.90180773152869,
            "f1_score": 0.9019338522832604,
            "auc": 0.9983854226732788
        },
        " leo": {
            "precision": 0.9,
            "recall": 0.9,
            "f1_score": 0.9,
            "auc": 0.9118152524167562
        },
        " lyra": {
            "precision": 0.9019702572130282,
            "recall": 0.9013774364586663,
            "f1_score": 0.9016213574497894,
            "auc": 0.874167246693845
        },
        " moon": {
            "precision": 0.9011222085063375,
            "recall": 0.9003841794886568,
            "f1_score": 0.9005724016162417,
            "auc": 0.7774674115456238
        },
        " orion": {
            "precision": 0.9018981746320638,
            "recall": 0.9015722254528209,
            "f1_score": 0.9017198929872284,
            "auc": 0.9214305214305214
        },
        " pleiades": {
            "precision": 0.901732409381661,
            "recall": 0.9010420507558868,
            "f1_score": 0.9013013403336865,
            "auc": 0.7797171500179019
        },
        " sagittarius": {
            "precision": 0.9021321961619936,
            "recall": 0.9001776830135035,
            "f1_score": 0.900328030164574,
            "auc": 0.9966349960411718
        },
        " scorpius": {
            "precision": 0.9,
            "recall": 0.9,
            "f1_score": 0.9,
            "auc": 0.9287286063569682
        },
        " taurus": {
            "precision": 0.9018390191897632,
            "recall": 0.9017725486166393,
            "f1_score": 0.9018051721608274,
            "auc": 0.9690367688370061
        },
        " ursa_major": {
            "precision": 0.9,
            "recall": 0.9,
            "f1_score": 0.9,
            "auc": 0.9724571266594226
        }
    },
    "thresholds": {
        " aquila": 0.9503870904445648,
        " bootes": 0.9780806362628937,
        " canis_major": 0.943137788772583,
        " canis_minor": 0.899973338842392,
        " cassiopeia": 0.9543138206005096,
        " cygnus": 0.9415963053703308,
        " gemini": 0.9757571637630463,
        " leo": 0.9404394149780273,
        " lyra": 0.914627993106842,
        " moon": 0.9057924717664719,
        " orion": 0.9001010298728943,
        " pleiades": 0.99620521068573,
        " sagittarius": 0.9299384951591492,
        " scorpius": 0.9845773935317993,
        " taurus": 0.9023439526557922,
        " ursa_major": 0.9571836352348328
    }
}